Date,Session,Duration,Exercise,Set,Amount,Unit,Weight kg
2026-06-03,Upper pull,57:06,Pull-up,1,8,reps,
2026-06-03,Upper pull,57:06,Pull-up,2,8,reps,
2026-06-03,Upper pull,57:06,Pull-up,3,8,reps,
2026-06-03,Upper pull,57:06,Bent-over row,1,8,reps,60
2026-06-03,Upper pull,57:06,Bent-over row,2,8,reps,60
2026-06-03,Upper pull,57:06,Bent-over row,3,8,reps,60
2026-06-03,Upper pull,57:06,Bent-over row,4,7,reps,62.5
2026-06-03,Upper pull,57:06,Farmers carry,1,50,m,24
2026-06-03,Upper pull,57:06,Farmers carry,2,50,m,24
2026-06-03,Upper pull,57:06,Farmers carry,3,50,m,24
2026-06-03,Upper pull,57:06,Farmers carry,4,50,m,24
2026-06-03,Upper pull,57:06,Face pull,1,15,reps,20
2026-06-03,Upper pull,57:06,Face pull,2,15,reps,20
2026-06-03,Upper pull,57:06,Face pull,3,15,reps,20
2026-06-03,Upper pull,57:06,Face pull,4,15,reps,20
2026-06-05,Upper push,52:37,Bench press,1,5,reps,75
2026-06-05,Upper push,52:37,Bench press,2,5,reps,75
2026-06-05,Upper push,52:37,Bench press,3,5,reps,77.5
2026-06-05,Upper push,52:37,Overhead press,1,6,reps,45
2026-06-05,Upper push,52:37,Overhead press,2,6,reps,45
2026-06-05,Upper push,52:37,Overhead press,3,6,reps,45
2026-06-05,Upper push,52:37,Overhead press,4,6,reps,46.25
2026-06-05,Upper push,52:37,Wall balls,1,20,reps,9
2026-06-05,Upper push,52:37,Wall balls,2,20,reps,9
2026-06-05,Upper push,52:37,Wall balls,3,20,reps,9
2026-06-05,Upper push,52:37,Dips,1,10,reps,
2026-06-05,Upper push,52:37,Dips,2,10,reps,
2026-06-05,Upper push,52:37,Dips,3,10,reps,
2026-06-05,Upper push,52:37,Dips,4,9,reps,
2026-06-08,Lower push,45:09,Back squat,1,5,reps,102.5
2026-06-08,Lower push,45:09,Back squat,2,5,reps,102.5
2026-06-08,Lower push,45:09,Back squat,3,5,reps,105
2026-06-08,Lower push,45:09,Romanian deadlift,1,8,reps,82.5
2026-06-08,Lower push,45:09,Romanian deadlift,2,8,reps,82.5
2026-06-08,Lower push,45:09,Romanian deadlift,3,7,reps,85
2026-06-08,Lower push,45:09,Sled push,1,25,m,142.5
2026-06-08,Lower push,45:09,Sled push,2,25,m,142.5
2026-06-08,Lower push,45:09,Sled push,3,25,m,142.5
2026-06-08,Lower push,45:09,Sled push,4,25,m,142.5
2026-06-08,Lower push,45:09,Walking lunge,1,12,reps,20
2026-06-08,Lower push,45:09,Walking lunge,2,12,reps,20
2026-06-08,Lower push,45:09,Walking lunge,3,11,reps,20
2026-06-10,Upper pull,48:20,Pull-up,1,8,reps,
2026-06-10,Upper pull,48:20,Pull-up,2,8,reps,
2026-06-10,Upper pull,48:20,Pull-up,3,8,reps,
2026-06-10,Upper pull,48:20,Bent-over row,1,8,reps,62.5
2026-06-10,Upper pull,48:20,Bent-over row,2,8,reps,62.5
2026-06-10,Upper pull,48:20,Bent-over row,3,7,reps,65
2026-06-10,Upper pull,48:20,Farmers carry,1,50,m,24
2026-06-10,Upper pull,48:20,Farmers carry,2,50,m,24
2026-06-10,Upper pull,48:20,Farmers carry,3,50,m,24
2026-06-10,Upper pull,48:20,Farmers carry,4,50,m,24
2026-06-10,Upper pull,48:20,Face pull,1,15,reps,20
2026-06-10,Upper pull,48:20,Face pull,2,15,reps,20
2026-06-10,Upper pull,48:20,Face pull,3,15,reps,20
2026-06-10,Upper pull,48:20,Face pull,4,14,reps,20
2026-06-12,Upper push,58:18,Bench press,1,5,reps,77.5
2026-06-12,Upper push,58:18,Bench press,2,5,reps,77.5
2026-06-12,Upper push,58:18,Bench press,3,5,reps,77.5
2026-06-12,Upper push,58:18,Bench press,4,5,reps,80
2026-06-12,Upper push,58:18,Overhead press,1,6,reps,46.25
2026-06-12,Upper push,58:18,Overhead press,2,6,reps,46.25
2026-06-12,Upper push,58:18,Overhead press,3,6,reps,46.25
2026-06-12,Upper push,58:18,Overhead press,4,5,reps,47.5
2026-06-12,Upper push,58:18,Wall balls,1,20,reps,9
2026-06-12,Upper push,58:18,Wall balls,2,20,reps,9
2026-06-12,Upper push,58:18,Wall balls,3,19,reps,9
2026-06-12,Upper push,58:18,Dips,1,10,reps,
2026-06-12,Upper push,58:18,Dips,2,10,reps,
2026-06-12,Upper push,58:18,Dips,3,10,reps,
2026-06-15,Lower push,55:50,Back squat,1,5,reps,105
2026-06-15,Lower push,55:50,Back squat,2,5,reps,105
2026-06-15,Lower push,55:50,Back squat,3,5,reps,107.5
2026-06-15,Lower push,55:50,Romanian deadlift,1,8,reps,85
2026-06-15,Lower push,55:50,Romanian deadlift,2,8,reps,85
2026-06-15,Lower push,55:50,Romanian deadlift,3,8,reps,85
2026-06-15,Lower push,55:50,Romanian deadlift,4,8,reps,87.5
2026-06-15,Lower push,55:50,Sled push,1,25,m,145
2026-06-15,Lower push,55:50,Sled push,2,25,m,145
2026-06-15,Lower push,55:50,Sled push,3,25,m,145
2026-06-15,Lower push,55:50,Sled push,4,25,m,145
2026-06-15,Lower push,55:50,Walking lunge,1,12,reps,20
2026-06-15,Lower push,55:50,Walking lunge,2,12,reps,20
2026-06-15,Lower push,55:50,Walking lunge,3,11,reps,20
2026-06-17,Upper pull,48:01,Pull-up,1,8,reps,
2026-06-17,Upper pull,48:01,Pull-up,2,8,reps,
2026-06-17,Upper pull,48:01,Pull-up,3,8,reps,
2026-06-17,Upper pull,48:01,Pull-up,4,8,reps,
2026-06-17,Upper pull,48:01,Bent-over row,1,8,reps,65
2026-06-17,Upper pull,48:01,Bent-over row,2,8,reps,65
2026-06-17,Upper pull,48:01,Bent-over row,3,7,reps,67.5
2026-06-17,Upper pull,48:01,Farmers carry,1,50,m,24
2026-06-17,Upper pull,48:01,Farmers carry,2,50,m,24
2026-06-17,Upper pull,48:01,Farmers carry,3,50,m,24
2026-06-17,Upper pull,48:01,Farmers carry,4,50,m,24
2026-06-17,Upper pull,48:01,Face pull,1,15,reps,20
2026-06-17,Upper pull,48:01,Face pull,2,15,reps,20
2026-06-17,Upper pull,48:01,Face pull,3,14,reps,20
2026-06-19,Upper push,49:43,Bench press,1,5,reps,80
2026-06-19,Upper push,49:43,Bench press,2,5,reps,80
2026-06-19,Upper push,49:43,Bench press,3,5,reps,82.5
2026-06-19,Upper push,49:43,Overhead press,1,6,reps,47.5
2026-06-19,Upper push,49:43,Overhead press,2,6,reps,47.5
2026-06-19,Upper push,49:43,Overhead press,3,6,reps,48.75
2026-06-19,Upper push,49:43,Wall balls,1,20,reps,9
2026-06-19,Upper push,49:43,Wall balls,2,20,reps,9
2026-06-19,Upper push,49:43,Wall balls,3,19,reps,9
2026-06-19,Upper push,49:43,Dips,1,10,reps,
2026-06-19,Upper push,49:43,Dips,2,10,reps,
2026-06-19,Upper push,49:43,Dips,3,10,reps,
2026-06-19,Upper push,49:43,Dips,4,9,reps,
2026-06-22,Lower push,51:30,Back squat,1,5,reps,107.5
2026-06-22,Lower push,51:30,Back squat,2,5,reps,107.5
2026-06-22,Lower push,51:30,Back squat,3,5,reps,110
2026-06-22,Lower push,51:30,Romanian deadlift,1,8,reps,87.5
2026-06-22,Lower push,51:30,Romanian deadlift,2,8,reps,87.5
2026-06-22,Lower push,51:30,Romanian deadlift,3,8,reps,87.5
2026-06-22,Lower push,51:30,Romanian deadlift,4,8,reps,90
2026-06-22,Lower push,51:30,Sled push,1,25,m,147.5
2026-06-22,Lower push,51:30,Sled push,2,25,m,147.5
2026-06-22,Lower push,51:30,Sled push,3,25,m,147.5
2026-06-22,Lower push,51:30,Sled push,4,25,m,147.5
2026-06-22,Lower push,51:30,Walking lunge,1,12,reps,20
2026-06-22,Lower push,51:30,Walking lunge,2,12,reps,20
2026-06-22,Lower push,51:30,Walking lunge,3,12,reps,20
2026-06-22,Lower push,51:30,Walking lunge,4,11,reps,20
2026-06-24,Upper pull,45:14,Pull-up,1,8,reps,
2026-06-24,Upper pull,45:14,Pull-up,2,8,reps,
2026-06-24,Upper pull,45:14,Pull-up,3,8,reps,
2026-06-24,Upper pull,45:14,Pull-up,4,8,reps,
2026-06-24,Upper pull,45:14,Bent-over row,1,8,reps,67.5
2026-06-24,Upper pull,45:14,Bent-over row,2,8,reps,67.5
2026-06-24,Upper pull,45:14,Bent-over row,3,8,reps,67.5
2026-06-24,Upper pull,45:14,Bent-over row,4,8,reps,70
2026-06-24,Upper pull,45:14,Farmers carry,1,50,m,24
2026-06-24,Upper pull,45:14,Farmers carry,2,50,m,24
2026-06-24,Upper pull,45:14,Farmers carry,3,50,m,24
2026-06-24,Upper pull,45:14,Farmers carry,4,50,m,24
2026-06-24,Upper pull,45:14,Face pull,1,15,reps,20
2026-06-24,Upper pull,45:14,Face pull,2,15,reps,20
2026-06-24,Upper pull,45:14,Face pull,3,14,reps,20
2026-06-26,Upper push,45:47,Bench press,1,5,reps,82.5
2026-06-26,Upper push,45:47,Bench press,2,5,reps,82.5
2026-06-26,Upper push,45:47,Bench press,3,5,reps,82.5
2026-06-26,Upper push,45:47,Bench press,4,5,reps,85
2026-06-26,Upper push,45:47,Overhead press,1,6,reps,48.75
2026-06-26,Upper push,45:47,Overhead press,2,6,reps,48.75
2026-06-26,Upper push,45:47,Overhead press,3,6,reps,48.75
2026-06-26,Upper push,45:47,Overhead press,4,5,reps,50
2026-06-26,Upper push,45:47,Wall balls,1,20,reps,9
2026-06-26,Upper push,45:47,Wall balls,2,20,reps,9
2026-06-26,Upper push,45:47,Wall balls,3,20,reps,9
2026-06-26,Upper push,45:47,Wall balls,4,20,reps,9
2026-06-26,Upper push,45:47,Dips,1,10,reps,
2026-06-26,Upper push,45:47,Dips,2,10,reps,
2026-06-26,Upper push,45:47,Dips,3,10,reps,
2026-06-26,Upper push,45:47,Dips,4,10,reps,
2026-06-29,Lower push,48:24,Back squat,1,5,reps,110
2026-06-29,Lower push,48:24,Back squat,2,5,reps,110
2026-06-29,Lower push,48:24,Back squat,3,5,reps,112.5
2026-06-29,Lower push,48:24,Romanian deadlift,1,8,reps,90
2026-06-29,Lower push,48:24,Romanian deadlift,2,8,reps,90
2026-06-29,Lower push,48:24,Romanian deadlift,3,7,reps,92.5
2026-06-29,Lower push,48:24,Sled push,1,25,m,150
2026-06-29,Lower push,48:24,Sled push,2,25,m,150
2026-06-29,Lower push,48:24,Sled push,3,25,m,150
2026-06-29,Lower push,48:24,Sled push,4,25,m,150
2026-06-29,Lower push,48:24,Walking lunge,1,12,reps,20
2026-06-29,Lower push,48:24,Walking lunge,2,12,reps,20
2026-06-29,Lower push,48:24,Walking lunge,3,11,reps,20
